交易名称,企业名称,所属集团,电源类型,装机容量MW
尖山营光伏电站（田心光伏电站）,大唐武定新能源有限责任公司,,光伏,100
盈江光伏电站,国能盈江新能源有限公司,,光伏,150
团山光伏电站（小湾农牧光伏）,华能澜沧江(临沧)新能源有限公司,,光伏,40
大姚石板箐（启兴光伏）,中广核楚雄大姚风力发电有限公司,,光伏,200
立竜（永仁观音岩光伏）,永仁华电新能源开发有限公司,,光伏,100
三峡岩淜光伏（大营镇岩淜光伏）,三峡新能源宾川发电有限公司,,光伏,100
庆华村光伏电站,龙源大理风力发电有限公司,,光伏,30
新发光伏（新发药光互补光伏）,华润新能源(宜良)有限公司,,光伏,120
升发光伏（撒永山光伏）,华电禄劝新能源开发有限公司,,光伏,250
铁城坡（前所农光互补）,宾川华电新能源有限公司,,光伏,80
何元光伏（施甸中光伏）,施甸华电新能源开发有限公司,,光伏,100
东明光伏,兰坪华电新能源开发有限公司,,光伏,100
营盘山光伏,大唐思茅新能源有限公司,,光伏,50
龙口光伏,宾川中碳清洁能源有限公司,,光伏,150
小石岩光伏（平远光伏）,华能清洁能源(文山砚山)有限公司,,光伏,120
荣华光伏（泸水华电）,华电泸水新能源开发有限公司,,光伏,65
大龙潭三期,华能新能源（洱源）有限公司,,光伏,29.5
井东湾光伏电站（均华光伏）,鹤庆中能建新能源有限公司,,光伏,190
热水光伏,曲靖宣威国电新能源科技有限公司,,光伏,149.94
公种田光伏,云南电建新能源开发有限公司,,光伏,53
西街口光伏三期,华能新能源石林光伏发电有限公司,,光伏,54
香竹林农业光伏电站,耿马汇能新能源有限公司,,光伏,159.375
横山光伏电站（西邑东、蒲缥、横山））,华能保山清洁能源有限公司,,光伏,400
罗明光伏（联合、罗明、杨柳）,华能保山清洁能源有限公司,,光伏,700
普乐村光伏电站,中电建（陆良）新能源有限公司,,光伏,50
永胜桥（大平地）,大唐（大姚）新能源开发有限公司,,光伏,200
木古兰光伏,中电建（弥渡）新能源有限公司,,光伏,40
雄里坡光伏,华能新能源（祥云）有限公司,,光伏,100
荞地光伏电站（巧家海坝）,三峡云能巧家发电有限公司,,光伏,240
石垭口光伏（巧家小羊窝）,三峡巧家新能源有限公司,,光伏,80
弥兴光伏,三峡云投发电（姚安）有限公司,,光伏,297.3
小芦山光伏（普洱大地光伏）,华能澜沧江(普洱)新能源有限公司,,光伏,100
帕岭光伏（景东江边）,华能澜沧江(普洱)新能源有限公司,,光伏,78
老鹰岩四期（老务坪）,云南大唐国际宾川新能源有限责任公司,,光伏,50
平河光伏,大唐芒市新能源开发有限公司,,光伏,50
塘坡光伏（大理新松坡）,华能澜沧江(大理)新能源有限公司,,光伏,120
阿柱田光伏（阿柱田、爱华、石门坎）,华能澜沧江(云县)新能源有限公司,,光伏,425
菱角光伏,华能清洁能源（曲靖沾益）有限公司,,光伏,100
三龙潭光伏,三峡云能发电（宁蒗）有限公司,,光伏,60
凤代光伏（清水朗山）,云南云龙国电电力新能源有限公司,,光伏,200
万格梁子光伏（宁蒗牦牛坪）,三峡云能发电（宁蒗）有限公司,,光伏,105
火红马路,三峡云能发电（会泽）有限公司,,光伏,150
幸福桥光伏（大栗坪）,华能澜沧江（鹤庆）新能源有限公司,,光伏,500
干口光伏,华能澜沧江(凤庆)新能源有限公司,,光伏,60
大朝山西林业光伏,云县乾润新能源有限公司,,光伏,300
白子寨光伏,兰坪亚太环宇水电发展有限公司,,光伏,15
瓦厂光伏,华能澜沧江(大理)新能源有限公司,,光伏,86
东老光伏,耿马鼎泰新能源有限公司,,光伏,95
松林山光伏,临沧核祥新能源有限公司,,光伏,120
棠梨树,华能澜沧江（永平）新能源有限公司,,光伏,80
山心光伏,大唐(丘北)新能源有限公司,,光伏,30
马路坡光伏,寻甸华电新能源开发有限公司,,光伏,192.85
罗文光伏,华能南华风力发电有限公司,,光伏,100
红土地光伏,三峡新能源永胜县有限公司,,光伏,435
旧市光伏,五凌新平新能源有限公司,,光伏,18.8
园子沟光伏,华能澜沧江(大理)新能源有限公司,,光伏,60
南头山二期,信云光能（曲靖）有限公司,,光伏,100
秧田箐（新村）,中广核楚雄牟定风力发电有限公司,,光伏,202
秀水井光伏,三峡巧家新能源有限公司,,光伏,20
朝阳村光伏,国能祥云新能源有限公司,,光伏,100
芦子村光伏,国能祥云新能源有限公司,,光伏,50
石腊光伏,永仁华电新能源开发有限公司,,光伏,125
桃园光伏,华能新能源（禄丰）有限公司,,光伏,220
花鱼洞光伏,中电建（弥渡）新能源有限公司,,光伏,25
木楠光伏,泸水汇能新能源有限公司,,光伏,75
中元光伏,泸水汇能新能源有限公司,,光伏,31
永和光伏,华能澜沧江(沧源)新能源有限公司,,光伏,20
白沟林光伏,三峡巧家新能源有限公司,,光伏,200
塘坡光伏（酸坡树）,华能澜沧江(大理)新能源有限公司,,光伏,80
藤蔑山光伏,华能澜沧江(勐腊)新能源有限公司,,光伏,220
红花山光伏,大唐(丘北)新能源有限公司,,光伏,115
南弄光伏,华能澜沧江(勐海)新能源有限公司,,光伏,110
蒋家坡光伏,三峡新能源云南师宗发电有限公司,,光伏,316
大雪山光伏,三峡新能源永德县有限公司,,光伏,173.7
爱华镇光伏,三峡新能源(云县)有限公司,,光伏,100
白土光伏,三峡新能源峨山县有限公司,,光伏,500
李家包包光伏,会泽华电道成清洁能源开发有限公司,,光伏,103
云峰村光伏,会泽华电道成清洁能源开发有限公司,,光伏,182
大栗坪Ⅱ期光伏,华能新能源（鹤庆）有限公司,,光伏,150
鲁家箐光伏,禄丰市浩裕光伏发电有限公司,,光伏,80
丙坡光伏,五凌新平新能源有限公司,,光伏,200
海子山光伏,三峡云能发电（永善）有限公司,,光伏,200
益州光伏,勐海金能新能源有限责任公司,,光伏,50
班庄光伏,信云光能（曲靖）有限公司,,光伏,150
石板箐光伏,中广核楚雄大姚风力发电有限公司,,光伏,200
佑雅光伏,华能新能源（泸水）有限公司,,光伏,50
小禹石沙光伏,华润新能源(易门)有限公司,,光伏,110
塘房光伏,中广核玉溪元江风力发电有限公司,,光伏,270
马头村光伏,易门龙源新能源有限公司,,光伏,230
竹溪光伏,云南滇能智慧能源有限公司禄丰分公司,,光伏,40
河湾光伏,华能保山清洁能源有限公司,,光伏,280
中古坪光伏,华电宁蒗新能源开发有限公司,,光伏,100
安乐光伏,大唐牟定新能源有限公司,,光伏,142
曼外光伏,云绿能（勐海）新能源开发有限公司,,光伏,70
一颗桩光伏,龙源大理风力发电有限公司,,光伏,90
关旗营光伏,信云光能（曲靖）有限公司,,光伏,300
双柏石头光伏,双柏汇科新能源有限公司,,光伏,106
张半山光伏,易门滇能智慧能源有限公司,,光伏,18.9
底尼光伏,易门滇能智慧能源有限公司,,光伏,25
云坪光伏,云南滇能云坪光伏发电有限公司,,光伏,280
东坡光伏,芒市德天新能源有限公司,,光伏,92.8
曼景缅光伏,华能澜沧江(景洪)新能源有限公司,,光伏,250
双河村光伏,中电建（新平）新能源有限公司,,光伏,40
山后光伏,华宁云能投新能源开发有限公司,,光伏,40
青香树光伏,双柏徽阳新能源科技有限公司,,光伏,230
小营村光伏,中电建（祥云）新能源开发有限公司,,光伏,50
小黑蚂光伏,水电六局（丘北）新能源有限公司,,光伏,210
万德村光伏（新）,中电建（武定）新能源有限公司,,光伏,295
三岔沟光伏,永德汇科新能源有限公司,,光伏,130
英雄村光伏,京江（双柏）新能源有限公司,,光伏,295
孔新庄光伏,国能宾川新能源有限公司,,光伏,162.96
小黑箐光伏（小黑箐、坛罐窑）,三峡云投发电(大姚)有限责任公司,,光伏,110
四排山光伏,耿马鼎泰新能源有限公司,,光伏,100
小黑箐光伏（吴海、马游北）,三峡云投发电（姚安）有限公司,,光伏,112.7
亮塘光伏,华能澜沧江(景洪)新能源有限公司,,光伏,235
公种田光伏（二期）,中电建（新平）新能源有限公司,,光伏,50
项丘光伏（崩张孔、大舍一期）,芒市天辉新能源有限公司,,光伏,206
文雷光伏,华能澜沧江(普洱)新能源有限公司,,光伏,19.84
下脚马光伏,华能澜沧江(普洱)新能源有限公司,,光伏,19.84
允山光伏（含哈尼）,华能澜沧江(普洱)新能源有限公司,,光伏,130
王三冲光伏,楚雄兴楚新能源开发有限公司,,光伏,18.56
岩子脚光伏,中电建（新平）新能源有限公司,,光伏,240
周家寨光伏,耿马华电新能源开发有限公司,,光伏,200
勐乃光伏,华能澜沧江(普洱)新能源有限公司,,光伏,99.84
五谷村光伏,会泽华电道成清洁能源开发有限公司,,光伏,65.025
矣得乐光伏（琅井哨、喜鹊窝、老延家）,华电(禄丰)新能源开发有限公司,,光伏,195
木香坪光伏,三峡云能发电（宁蒗）有限公司,,光伏,56
分水岭光伏,三峡云能发电（宁蒗）有限公司,,光伏,70
金姑窝子光伏,华电宁蒗新能源开发有限公司,,光伏,60
南屏西光伏,普洱市思茅中电新能源有限公司,,光伏,60
吉姆阿以光伏,三峡云能发电（宁蒗）有限公司,,光伏,139
长坝口光伏,华电宁蒗新能源开发有限公司,,光伏,60
金古麦光伏,华电（玉龙）新能源开发有限公司,,光伏,170
洛科光伏（大荒田、大寨、新寨）,华能澜沧江(景洪)新能源有限公司,,光伏,85
干坝光伏,元江县乾润新能源有限公司,,光伏,50
蚂蚁堆光伏,临沧南水北调新能源有限责任公司,,光伏,70
茂兰光伏,云县乾润新能源有限公司,,光伏,200
陆家垭口光伏,华电南华新能源开发有限公司,,光伏,190
董干光伏,中广核新能源(麻栗坡)有限公司,,光伏,150
岩头山光伏,三峡云能发电（宁蒗）有限公司,,光伏,108
小村岩光伏,三峡云能发电(华坪)有限公司,,光伏,54
杨家湾光伏,长电云能发电（永仁）有限公司,,光伏,188
王官村光伏,云南能投曲靖发电有限公司,,光伏,50
上白麦光伏,华电（玉龙）新能源开发有限公司,,光伏,361.9
肖家山光伏,宾川龙源新能源有限公司,,光伏,150
金山光伏,华能新能源（新平）有限公司,,光伏,150
嘎胡光伏,国能普洱新能源有限公司,,光伏,50
马头地光伏,华能新能源（元谋）有限公司,,光伏,170
物茂光伏（帕地）,华能新能源（元谋）有限公司,,光伏,486.95
国兴光伏,华能新能源（元谋）有限公司,,光伏,148.05
虎溪村光伏（罗兴村）,华能新能源（元谋）有限公司,,光伏,130
曼帕梁子光伏（含二期）,大唐江城新能源有限公司,,光伏,50
那丙田光伏,普洱市思茅中电新能源有限公司,,光伏,160
多竹箐光伏（桔子树、金河1）,华能新能源（元谋）有限公司,,光伏,360
金河光伏,华能新能源（元谋）有限公司,,光伏,130
宜莲光伏（新）,永仁滇能零碳能源开发有限公司,,光伏,300
石羊光伏（杨家村、小梨园、大龙潭、宝莲）,大姚云能投绿色能源开发有限公司,,光伏,350
小竹园光伏（小河底）,大姚云能投绿色能源开发有限公司,,光伏,173
大沙坝光伏,华能澜沧江(保山昌宁)新能源有限公司,,光伏,150
博禾光伏,大理博禾新能源有限公司,,光伏,100
柳青光伏,禄丰高峰能源有限公司,,光伏,120
茶花箐光伏,禄劝万佳光伏发电有限公司,,光伏,193.28
龙华光伏电站（长坪子）,三峡云能发电（禄劝）有限公司,,光伏,60
龙华光伏（赤鹫、罗免）,三峡云能发电（富民）有限公司,,光伏,200
典文光伏,三峡云能发电（禄劝）有限公司,,光伏,50
乐秋光伏（母麦地）,华能澜沧江（南涧）新能源有限公司,,光伏,290
竹芭山光伏,华能澜沧江(临沧)新能源有限公司,,光伏,55
小火山光伏,三峡云能发电（永胜）有限公司,,光伏,27
平新光伏,三峡云能发电（元谋）有限公司,,光伏,450
干龙潭光伏（二期）,云县汇能发电有限责任公司,,光伏,50
李家庄光伏,三峡云投发电(大姚)有限责任公司,,光伏,100
乐秋光伏（红岩村）,华能澜沧江（巍山）新能源有限公司,,光伏,60
新房子光伏（新）,三峡巧家新能源有限公司,,光伏,100
黑岩洼光伏,保山市隆阳中能建投新能源有限公司,,光伏,100
罗武庄光伏,中电南华新能源有限责任公司,,光伏,240
唐丫口光伏（麒麟厂）,会泽华电道成清洁能源开发有限公司,,光伏,232
普福光伏,禄劝穗发新能源有限公司,,光伏,70
新羊窝头光伏（八棵树、绿荫塘）,三峡巧家新能源有限公司,,光伏,285
双羊洞光伏,大唐(丘北)新能源有限公司,,光伏,210
德党光伏,国能（永德）能源有限公司,,光伏,126
那朵光伏,广南广赫新能源有限公司,,光伏,100
菱角光伏二三期,华能清洁能源（曲靖沾益）有限公司,,光伏,250
小龙洞光伏,镇康核泰新能源有限公司,,光伏,360
坝密河光伏,临沧核顺新能源科技有限公司,,光伏,300
茂克光伏,国能七都建发文山清洁能源有限公司,,光伏,90
瓦折村光伏,国能南涧新能源有限公司,,光伏,30
倮练光伏,华能澜沧江(普洱)新能源有限公司,,光伏,45
麦子地光伏,华能新能源（禄丰）有限公司,,光伏,25.6
大营盘光伏,会泽华电道成清洁能源开发有限公司,,光伏,238.4
银厂沟光伏,华电宁蒗新能源开发有限公司,,光伏,70
葫芦地光伏,华宁云能投新能源开发有限公司,,光伏,20
小坝心光伏,大唐(丘北)新能源有限公司,,光伏,50
哨上光伏,国电投绿电能源（玉溪）有限公司,,光伏,150
富永光伏,华能澜沧江(普洱)新能源有限公司,,光伏,47
新田光伏,华能澜沧江(普洱)新能源有限公司,,光伏,120
独田箐光伏,南华云伊电投智慧能源有限公司,,光伏,90
老西山风电,三峡云投发电(大姚)有限责任公司,,光伏,37.5
苏子塘光伏,耿马孟润新能源科技有限责任公司,,光伏,90
阿里郎光伏（青云）,华能澜沧江（巍山）新能源有限公司,,光伏,50
磨刀石光伏,国电电力云南新能源开发有限公司,,光伏,30
金甲邑光伏,兰坪华电新能源开发有限公司,,光伏,70
干海资光伏,华电（双柏）新能源开发有限公司,,光伏,200
浪戛光伏,保山市隆阳中能建投新能源有限公司,,光伏,600
清水井光伏,国能七都建发文山清洁能源有限公司,,光伏,120
新发寨光伏,国能七都建发文山清洁能源有限公司,,光伏,57.92
桃花光伏,大唐临沧新能源有限公司,,光伏,90
华润芋头得光伏,华润新能源（石林）有限公司,,光伏,60
多雨村光伏,华能澜沧江（巍山）新能源有限公司,,光伏,230
大地梁子光伏,华润新能源（石林）有限公司,,光伏,60
瓦房箐光伏,三峡云能发电(华坪)有限公司,,光伏,36
期纳小湾光伏,三峡云能发电（永胜）有限公司,,光伏,96
营山光伏,三峡云能发电（永胜）有限公司,,光伏,45
绿茵塘光伏,云南金能新能源有限公司,,光伏,99.6
谢腊光伏,永仁风光新能源科技有限责任公司,,光伏,230
新葛根地光伏（黑蛇）,中电双柏新能源有限公司,,光伏,75
华润南羊光伏（张官营、龙洞）,华润新能源(宜良)有限公司,,光伏,65
角家村光伏,昆明东川区乾润新能源有限公司,,光伏,180
阿里郎光伏（新寨、鸡街、石竹坡）,华能澜沧江（漾濞）新能源有限公司,,光伏,275.76
大白能光伏,宏桥红河新能源有限公司,,光伏,120
大多科光伏,宏桥红河新能源有限公司,,光伏,192
栗树坪光伏（阿未席）,华能澜沧江（永平）新能源有限公司,,光伏,92
纳古光伏,华能澜沧江（德钦）新能源有限公司,,光伏,100
上登头光伏（团结、黑场）,华能澜沧江（云龙）新能源有限公司,,光伏,103
大村箐光伏（贵口村、羊街村、居居麻）,华能澜沧江（永平）新能源有限公司,,光伏,155
大清塘光伏,魏桥砚山新能源有限公司,,光伏,100
那依光伏,宏桥开远新能源有限公司,,光伏,84
长虹桥光伏,宏桥开远新能源有限公司,,光伏,73
拉古山光伏,兰坪亚太环宇水电发展有限公司,,光伏,110
水磨光伏,鲁甸县中新电新能源开发有限公司,,光伏,180
上干箐光伏,三峡云能发电(华坪)有限公司,,光伏,25
光华光伏（芮官山一期、二期、西山）,三峡新能源永胜县有限公司,,光伏,180
冲子光伏（老寨）,宏桥开远新能源有限公司,,光伏,288
营口光伏,昭通发展新能源投资有限公司,,光伏,140
向阳村光伏,中广核楚雄大姚风力发电有限公司,,光伏,40
晏家塘光伏,曲靖沾益京西新能源有限公司,,光伏,110
方城光伏,曲靖沾益京西新能源有限公司,,光伏,190
邑拉光伏电站,京能（元江）新能源有限公司,,光伏,75
太苏石光伏电站,楚雄兴楚新能源开发有限公司,,光伏,105
孔家庄光伏电站,楚雄兴楚新能源开发有限公司,,光伏,52
沙河塘光伏（乜六沟、沙河塘）,会泽华电道成清洁能源开发有限公司,,光伏,160.6
富永光伏（大平掌村）,华能华东（普洱）清洁能源有限公司,,光伏,40
杨柳寨光伏,宏桥弥勒新能源有限公司,,光伏,240
小勐统光伏,中电建（永德）新能源有限公司,,光伏,70
三折箐光伏,国能鹤庆新能源有限公司,,光伏,87.17
乌沙河光伏,华能澜沧江(勐腊)新能源有限公司,,光伏,150
石头寨光伏（大黑土）,宏桥弥勒新能源有限公司,,光伏,220
伍寨光伏,大唐永善风电有限责任公司,,光伏,80
五里屯光伏,华能澜沧江(普洱)新能源有限公司,,光伏,30
温水河光伏（松园村、禾丰、长坪）,华能澜沧江（鹤庆）新能源有限公司,,光伏,230
勐佑光伏,大唐临沧新能源有限公司,,光伏,190
镜湖光伏电站,峨山鑫能光伏发电有限公司,,光伏,129.92
石万光伏（石洞山）,宏桥弥勒新能源有限公司,,光伏,70
柿坪里光伏（弥勒山、柿坪里、后山村）,华能澜沧江(大理)新能源有限公司,,光伏,303.4
半坡箐光伏（半坡箐、半坡、鱼塘寨）,华能澜沧江(普洱)新能源有限公司,,光伏,95
丫口光伏,华能澜沧江(景洪)新能源有限公司,,光伏,35
大枫树光伏,华澜（洱源）新能源有限公司,,光伏,220
普伞坡光伏,大唐江城新能源有限公司,,光伏,60
大麦潭光伏,宏桥弥勒新能源有限公司,,光伏,90
麻栗树光伏,宏桥建水新能源有限公司,,光伏,60
黑暮光伏,宏桥建水新能源有限公司,,光伏,65
十字路光伏,南能永德能源开发有限公司,,光伏,63
小松棵光伏,华能新能源（禄丰）有限公司,,光伏,70
冷米光伏,三峡云能发电（永善）有限公司,,光伏,300
红石岩光伏,魏桥砚山新能源有限公司,,光伏,70
格龙兰光伏,中广核新能源（普洱）有限公司,,光伏,25
翠华光伏,禄劝东电太阳能发电有限公司,,光伏,200
星光光伏,宏桥弥勒新能源有限公司,,光伏,136
黄家林光伏,鲁甸广能新能源有限公司,,光伏,284
长岭岗光伏,宏桥开远新能源有限公司,,光伏,77
娜拥光伏,深能（禄劝）能源开发有限公司,,光伏,160
水坪村光伏,中广核新能源（鹤庆）有限公司,,光伏,100
鲁瓦光伏,华电（玉龙）新能源开发有限公司,,光伏,9450
华阳光伏（向阳）,中广核玉溪华宁风力发电有限公司,,光伏,50
碧溪光伏,中广核新能源（普洱）有限公司,,光伏,235
百物地光伏（百物地、幸福村）,华能澜沧江（巍山）新能源有限公司,,光伏,85
吉龙光伏（大嘎吉、么龙村、三七园）,中广核新能源（马关）有限公司,,光伏,400
五一光伏（五一村、上横么）,中广核新能源（普洱）有限公司,,光伏,40
博厚光伏,大姚云能投绿色能源开发有限公司,,光伏,45
鲁纳光伏（鲁纳、多姑、马家村）,华能澜沧江（寻甸）新能源有限公司,,光伏,210
前进光伏,国能七都建发文山清洁能源有限公司,,光伏,14.08
新莲光伏,国能盈江新能源有限公司,,光伏,320
三丘田光伏,华能华东（普洱）清洁能源有限公司,,光伏,247
积粮冲光伏,马龙云能投新能源开发有限公司,,光伏,50
坝檬光伏,华能澜沧江(勐海)新能源有限公司,,光伏,50
普力冲光伏,元江县乾润新能源有限公司,,光伏,180
木希格光伏,中广核玉溪元江风力发电有限公司,,光伏,60.48
大立石光伏,中电建（弥渡）电力有限公司,,光伏,80
新城村光伏,国能盈江新能源有限公司,,光伏,73
药灵山光伏,嵩明熙昆新能源有限公司,,光伏,139.84
罗杞打光伏,楚雄市聚熠新能源有限公司,,光伏,60
郑家村光伏,陆良云伊电投能源有限公司,,光伏,50
格红光伏,永仁云伊电投能源有限责任公司,,光伏,120
小塘子光伏,丘北云能投绿色能源开发有限公司,,光伏,200
项丘光伏电站（东山、芒牛坝）,云华芒市新能源有限公司,,光伏,97.7
安吉村光伏,永平瑞海新能源有限公司,,光伏,100
香竹林扶贫光伏,耿马环兴新能源有限公司,,光伏,20
220kV南箐光伏电站,华润新能源（嵩明）有限公司,,光伏,200
110kV华润马街光伏电站,华润新能源(宜良)有限公司,,光伏,60
110kV华润匡远光伏电站,华润新能源(宜良)有限公司,,光伏,100
35kV海西光伏电站,华润新能源（玉龙）有限公司,,光伏,20
35kV迷达扶贫光伏电站,丘北天朗光伏发电有限公司,,光伏,40
110kV华润北古城光伏电站,华润新能源(宜良)有限公司,,光伏,100
220kV富乐光伏电站,粤润罗平新能源有限公司,,光伏,150
35kV宝山光伏电站,华润新能源（玉龙）有限公司,,光伏,50
35kV适中光伏电站,姚安瑞海新能源开发有限公司,,光伏,25
220kV松桂东庄光伏电站,中电工程（鹤庆）新能源有限公司,,光伏,80
110kV华润大兴光伏电站,华润新能源（昆明西山）有限公司,,光伏,100
220kV月亮湾光伏电站,中煤绿能（鲁甸）新能源有限公司,,光伏,350
220kV散止光伏电站,元谋县晶科电力有限公司,,光伏,150
220kV南盆光伏电站,华润新能源（景洪）有限公司,,光伏,300
110kV文海雪花光伏电站,华润新能源（玉龙）有限公司,,光伏,50
220kV鱼和光伏电站,华能保山清洁能源有限公司,,光伏,220
220kV圈内光伏电站,临沧普综新能源有限公司,,光伏,132
220kV白玉光伏电站,保山市隆阳中能建投新能源有限公司,,光伏,340
220kV白草坪光伏电站,三峡云能发电（宁蒗）有限公司,,光伏,87
110kV柳树冲光伏电站,楚雄贝诚能源有限公司,,光伏,120
35kV姚家村光伏电站,祥云龙源新能源有限公司,,光伏,30
110kV江头村光伏电站,龙源大理风力发电有限公司,,光伏,85
110kV库南光伏电站,元谋县晶科电力有限公司,,光伏,125
110kV银匠村光伏电站,会泽华电道成清洁能源开发有限公司,,光伏,160
110kV布老光伏电站,普洱粤水电能源有限公司,,光伏,60
220kV潘古里光伏电站,云绿能（永仁）新能源开发有限公司,,光伏,140
220kV永顺光伏电站,云绿能（凤庆）新能源开发有限公司,,光伏,100
35kV云朗光伏电站,云绿能（景洪）新能源开发有限公司,,光伏,30
110kV湾草坪光伏电站,怒江州扶贫投资开发有限公司,,光伏,40
110kV灯笼山光伏电站,玉溪水网新能源有限责任公司,,光伏,135
220kV冲子光伏电站（西北勒）,云南宏桥新能源有限公司,,光伏,80
220kV七河光伏电站,三峡云能投资（丽江）有限公司,,光伏,200
110kV长岭岗光伏电站（花椒树）,宏桥弥勒新能源有限公司,,光伏,52
220kV顺宁光伏电站,华能澜沧江(凤庆)新能源有限公司,,光伏,390
220kV杨柳寨光伏电站（红枣塘）,宏桥建水新能源有限公司,,光伏,35
220kV明龙光伏电站,华能澜沧江(凤庆)新能源有限公司,,光伏,260
220kV公郞光伏电站,华能澜沧江（南涧）新能源有限公司,,光伏,95
220kV玉尺光伏电站,双柏滇能智慧能源有限公司,,光伏,250
110kV驮村光伏电站,中广核新能源（普洱）有限公司,,光伏,40
220kV林家村光伏电站,华电南华新能源开发有限公司,,光伏,540
220kV程铁村光伏电站,华能华东（普洱）清洁能源有限公司,,光伏,255
220kV德益光伏电站,曲靖中和零碳能源有限公司,,光伏,42.88
500kV老挝中广核达云光伏电站,中广核老挝达云发电独资有限公司,,光伏,1000
110kV吉安光伏电站,中广核新能源（西畴）有限公司,,光伏,100
35kV香花岭光伏电站,富源云伊电投新能源有限公司,,光伏,24
220kV丙坡光伏电站二期,新平凌沄新能源有限公司,,光伏,40
110kV嘎尔村光伏电站,华电宁蒗新能源开发有限公司,,光伏,52.16
35kV朱家寨南光伏电站,元江聚源新能源有限公司,,光伏,38
110kV南木算光伏电站,永德县国核勐晟新能源有限公司,,光伏,62
220kV黑泥坡光伏电站,华宁县乾润新能源有限公司,,光伏,200
220kV云翎光伏电站,中广核新能源（双柏）有限公司,,光伏,110
35kV行寨光伏电站,国能峨山新能源有限公司,,光伏,25
220kV羊厂光伏电站,京能（寻甸）新能源有限公司,,光伏,100
孔照普光伏（大歹鲁）,宏桥泸西新能源有限公司,,光伏,340
长坡岭,弥渡洁源新能源发电有限公司,其他,光伏,30
龙潭山,永胜惠光光伏发电有限公司,骏耀新能源,光伏,19.8
云电投石林（一期）,石林云电投新能源开发有限公司,云南能源投资,光伏,10
云电投石林（二期）,石林云电投新能源开发有限公司,云南能源投资,光伏,56
华能石林&#40;一期&#41;,华能石林光伏发电有限公司,华能集团,光伏,10
华能石林（二期）,华能石林光伏发电有限公司,华能集团,光伏,90
永仁维的,永仁华电新能源开发有限公司维的光伏发电分公司,华电集团,光伏,40
干巴拉,永仁协合太阳能发电有限公司,中核集团,光伏,50
秀田,云南滇能智慧能源有限公司,国家电力投资集团,光伏,50
干塘子,三峡新能源宾川发电有限公司,三峡集团,光伏,30
天子山,三峡新能源元谋发电有限公司,三峡集团,光伏,20
西村,中电大理(西村)光伏发电有限公司,中电中国,光伏,100
小西村,元谋中电电气光伏发电有限公司,国家电力投资集团,光伏,20
砚山太科,砚山太科光伏电力有限公司,中航科技,光伏,50
刘家庄,曲靖市沾益区阿特斯光伏发电有限公司,其他,光伏,10
大佛山,洱源协合太阳能发电有限公司,其他,光伏,30
干海子,水电十四局大理聚能投资有限公司,中国电建集团,光伏,20
大龙潭,华能大理风力发电有限公司洱源分公司,华能集团,光伏,20.5
干箐,华坪协合太阳能发电有限公司,中核集团,光伏,50
南庄,国投新能源（红河）股份有限公司,国投电力,光伏,300
大庄,双柏中电建新能源有限公司,中国电建集团,光伏,27
甘庄,元江中电光伏发电有限公司,国家电力投资集团,光伏,20
河外,元谋绿电新能源开发有限公司,协鑫新能源,光伏,50
北泽,元江中盛太阳能科技有限公司,中广核,光伏,40
清塘子,开远弘裕阳光新能源发电有限公司,三峡集团,光伏,30.6
四角山,中国能源建设集团永胜新能源有限公司,中能建集团,光伏,60
驻马哨,开远中能新能源有限公司,其他,光伏,76
洛戈底,蒙自奥特斯维光伏发电有限公司,奥特斯维,光伏,45
子牙关,鹤庆汇能发电有限责任公司,特变电工,光伏,30
石漠化,石林东旭新能源有限公司,其他,光伏,20
宁边,华润新能源光伏发电(昭通)有限公司,华润,光伏,20
大古衙,中国水电顾问集团大姚新能源开发有限公司,中国电建集团,光伏,20
岩淜,国投大理光伏发电有限公司,国投电力,光伏,40
北大村,石林中云电新能源有限责任公司,国家电力投资集团,光伏,60
茂创转山包,昭通茂创能源开发有限公司,其他,光伏,30
星火山,勐海协鑫光伏农业电力有限公司,协鑫新能源,光伏,30
密落槽子,三峡新能源华坪发电有限公司,三峡集团,光伏,30
杨梅坪,大理瑞德兴阳新能源科技有限公司,其他,光伏,21.7
大平地,通海旷达光伏发电有限公司,其他,光伏,30
大兴,凤庆县爱康电力有限公司,智光人才,光伏,40
芒街,孟连三犇新能源开发有限公司,其他,光伏,20
南头山,曲靖英利光伏电力开发有限公司,其他,光伏,10
班幸,永仁惠光光伏发电有限公司,骏耀新能源,光伏,35
干龙潭,云县汇能发电有限责任公司,特变电工,光伏,30
钢家岭,禄劝县爱康能源电力有限公司,智光人才,光伏,20
下海尾,建水县奥特斯维光伏发电有限公司,奥特斯维,光伏,41
青岩山,兰坪太科光伏电力有限公司,中航科技,光伏,10
小暑甸,兰坪昌盛太阳能科技有限公司,其他,光伏,50
长冲,楚雄长翔光伏发电有限公司,其他,光伏,20
古木,文山太科光伏电力有限公司,中航科技,光伏,30
西街口,华能新能源石林光伏发电有限公司,华能集团,光伏,46.5
班果,元谋弘盈新能源发电有限公司,国家电力投资集团,光伏,50
芝麻,元谋惠光光伏发电有限公司,国家电力投资集团,光伏,50
朱坊,弥渡惠扬农业新能源科技有限公司,国家电力投资集团,光伏,50
麻舍所,陆良汇昆天合太阳能电力开发有限公司,国家电力投资集团,光伏,30
清岭光伏电站,楚雄清岭新能源科技有限公司,其他,光伏,1250
老鹰岩（含三期）,云南大唐国际宾川新能源有限责任公司,大唐集团,光伏,100
拖卓、白石崖,绿能（富民）太阳能科技有限公司,北京江河源,光伏,41
石咀,华润新能源光伏发电(弥渡)有限公司,华润,光伏,20
朝阳,中国水电顾问集团易门新能源有限公司,中国电建集团,光伏,28
天宝,玉溪市中太新能源科技有限公司,协鑫新能源,光伏,18
玉光,曲靖市沾益区安益宝农业科技有限公司,其他,光伏,10
小雷钵,鹤庆鑫华光伏发电有限公司,协鑫新能源,光伏,17
旧寨,玉溪江川区远盛太阳能科技有限公司,其他,光伏,20
水子坪,丽江隆基清洁能源有限公司,三峡集团,光伏,73.8
白石崖三期,绿清能(富民)太阳能科技有限公司,北京江河源,光伏,50
他格莫,峨山永鑫光伏发电有限公司,协鑫新能源,光伏,50
碧宗,师宗尚孚義和太阳能投资有限公司,其他,光伏,30
五里冲,建水云得太阳能科技有限公司,其他,光伏,21.6
坡头山,元谋瑞能光伏发电有限公司,其他,光伏,20
岩脚,宣威市晶科光伏发电有限公司,其他,光伏,30
妙峰,大姚瑞宏新能源开发有限公司,国家电力投资集团,光伏,20
团树,丘北太科光伏电力有限公司,中航科技,光伏,30
